Variable,Coefficient
ac3_temp,0.985662842607198
ambient_temp,0.003355795366902
ac3_comp,-0.168890016988721
intercept,0.345714249409919
